source_pack,source_archive,mesh_name,mesh_hash,mesh_material_field_offset,serialized_material_pointer,mat_name,mat_hash,material_texture_field_offset,serialized_texture_pointer,tex_name,tex_hash,join_scope
CH_SPIDERMAN.PCPACK,_O0069.0xCFB154CD.T36.apkf,ch_spiderman000,0XAC92103D,0x000000C0,0x000004E4,ch_spidermanred,0XAC933008,0x00000024,0x00000A3E,ch_spiderman_webbingred_dif,0X92AAC237,SAME_ARCHIVE
MARYJANE_SCARERIDE.PCPACK,_O0082.0x4F920A48.T36.apkf,ch_spiderman000,0XAC92103D,0x000000C0,0x00000804,ch_spidermanred,0XAC933008,0x00000024,0x00001038,ch_spiderman_webbingred_dif,0X92AAC237,SAME_ARCHIVE
CH_SPIDERMAN.PCPACK,_O0069.0xCFB154CD.T36.apkf,ch_spiderman000,0XAC92103D,0x000000C0,0x000004E4,ch_spidermanred,0XAC933008,0x0000002C,0x00000730,ch_spiderman_webbing_spe,0X038C2751,SAME_ARCHIVE
MARYJANE_SCARERIDE.PCPACK,_O0082.0x4F920A48.T36.apkf,ch_spiderman000,0XAC92103D,0x000000C0,0x00000804,ch_spidermanred,0XAC933008,0x0000002C,0x00000C1A,ch_spiderman_webbing_spe,0X038C2751,SAME_ARCHIVE
CH_SPIDERMAN.PCPACK,_O0069.0xCFB154CD.T36.apkf,ch_spiderman000,0XAC92103D,0x000000C0,0x000004E4,ch_spidermanred,0XAC933008,0x00000030,0x00000741,ch_spiderman_webbing_spx,0X038C2764,SAME_ARCHIVE
MARYJANE_SCARERIDE.PCPACK,_O0082.0x4F920A48.T36.apkf,ch_spiderman000,0XAC92103D,0x000000C0,0x00000804,ch_spidermanred,0XAC933008,0x00000030,0x00000C2B,ch_spiderman_webbing_spx,0X038C2764,SAME_ARCHIVE
CH_SPIDERMAN.PCPACK,_O0069.0xCFB154CD.T36.apkf,ch_spiderman000,0XAC92103D,0x000000C0,0x000004E4,ch_spidermanred,0XAC933008,0x0000003C,0x000009D8,ch_spiderman_tex2_ao,0X8F6EE8BE,SAME_ARCHIVE
MARYJANE_SCARERIDE.PCPACK,_O0082.0x4F920A48.T36.apkf,ch_spiderman000,0XAC92103D,0x000000C0,0x00000804,ch_spidermanred,0XAC933008,0x0000003C,0x00001016,ch_spiderman_tex2_ao,0X8F6EE8BE,SAME_ARCHIVE
CH_SPIDERMAN.PCPACK,_O0069.0xCFB154CD.T36.apkf,ch_spiderman000,0XAC92103D,0x000000C0,0x000004E4,ch_spidermanred,0XAC933008,0x00000080,0x000008C8,ch_spiderman_tex2_nor,0X7D4C383D,SAME_ARCHIVE
MARYJANE_SCARERIDE.PCPACK,_O0082.0x4F920A48.T36.apkf,ch_spiderman000,0XAC92103D,0x000000C0,0x00000804,ch_spidermanred,0XAC933008,0x00000080,0x00000F06,ch_spiderman_tex2_nor,0X7D4C383D,SAME_ARCHIVE
CH_SPIDERMAN.PCPACK,_O0069.0xCFB154CD.T36.apkf,ch_spiderman000,0XAC92103D,0x000001D0,0x000004E4,ch_spidermanred,0XAC933008,0x00000024,0x00000A3E,ch_spiderman_webbingred_dif,0X92AAC237,SAME_ARCHIVE
MARYJANE_SCARERIDE.PCPACK,_O0082.0x4F920A48.T36.apkf,ch_spiderman000,0XAC92103D,0x000001D0,0x00000804,ch_spidermanred,0XAC933008,0x00000024,0x00001038,ch_spiderman_webbingred_dif,0X92AAC237,SAME_ARCHIVE
CH_SPIDERMAN.PCPACK,_O0069.0xCFB154CD.T36.apkf,ch_spiderman000,0XAC92103D,0x000001D0,0x000004E4,ch_spidermanred,0XAC933008,0x0000002C,0x00000730,ch_spiderman_webbing_spe,0X038C2751,SAME_ARCHIVE
MARYJANE_SCARERIDE.PCPACK,_O0082.0x4F920A48.T36.apkf,ch_spiderman000,0XAC92103D,0x000001D0,0x00000804,ch_spidermanred,0XAC933008,0x0000002C,0x00000C1A,ch_spiderman_webbing_spe,0X038C2751,SAME_ARCHIVE
CH_SPIDERMAN.PCPACK,_O0069.0xCFB154CD.T36.apkf,ch_spiderman000,0XAC92103D,0x000001D0,0x000004E4,ch_spidermanred,0XAC933008,0x00000030,0x00000741,ch_spiderman_webbing_spx,0X038C2764,SAME_ARCHIVE
MARYJANE_SCARERIDE.PCPACK,_O0082.0x4F920A48.T36.apkf,ch_spiderman000,0XAC92103D,0x000001D0,0x00000804,ch_spidermanred,0XAC933008,0x00000030,0x00000C2B,ch_spiderman_webbing_spx,0X038C2764,SAME_ARCHIVE
CH_SPIDERMAN.PCPACK,_O0069.0xCFB154CD.T36.apkf,ch_spiderman000,0XAC92103D,0x000001D0,0x000004E4,ch_spidermanred,0XAC933008,0x0000003C,0x000009D8,ch_spiderman_tex2_ao,0X8F6EE8BE,SAME_ARCHIVE
MARYJANE_SCARERIDE.PCPACK,_O0082.0x4F920A48.T36.apkf,ch_spiderman000,0XAC92103D,0x000001D0,0x00000804,ch_spidermanred,0XAC933008,0x0000003C,0x00001016,ch_spiderman_tex2_ao,0X8F6EE8BE,SAME_ARCHIVE
CH_SPIDERMAN.PCPACK,_O0069.0xCFB154CD.T36.apkf,ch_spiderman000,0XAC92103D,0x000001D0,0x000004E4,ch_spidermanred,0XAC933008,0x00000080,0x000008C8,ch_spiderman_tex2_nor,0X7D4C383D,SAME_ARCHIVE
MARYJANE_SCARERIDE.PCPACK,_O0082.0x4F920A48.T36.apkf,ch_spiderman000,0XAC92103D,0x000001D0,0x00000804,ch_spidermanred,0XAC933008,0x00000080,0x00000F06,ch_spiderman_tex2_nor,0X7D4C383D,SAME_ARCHIVE
CH_SPIDERMAN.PCPACK,_O0069.0xCFB154CD.T36.apkf,ch_spiderman000,0XAC92103D,0x000002E0,0x00000128,ch_spidermanblue,0X3EF08B55,0x00000024,0x00000884,ch_spiderman_webbingblue_dif,0X66CED7A4,SAME_ARCHIVE
MARYJANE_SCARERIDE.PCPACK,_O0082.0x4F920A48.T36.apkf,ch_spiderman000,0XAC92103D,0x000002E0,0x00000128,ch_spidermanblue,0X3EF08B55,0x00000024,0x00000E18,ch_spiderman_webbingblue_dif,0X66CED7A4,SAME_ARCHIVE
CH_SPIDERMAN.PCPACK,_O0069.0xCFB154CD.T36.apkf,ch_spiderman000,0XAC92103D,0x000002E0,0x00000128,ch_spidermanblue,0X3EF08B55,0x0000002C,0x00000730,ch_spiderman_webbing_spe,0X038C2751,SAME_ARCHIVE
MARYJANE_SCARERIDE.PCPACK,_O0082.0x4F920A48.T36.apkf,ch_spiderman000,0XAC92103D,0x000002E0,0x00000128,ch_spidermanblue,0X3EF08B55,0x0000002C,0x00000C1A,ch_spiderman_webbing_spe,0X038C2751,SAME_ARCHIVE
CH_SPIDERMAN.PCPACK,_O0069.0xCFB154CD.T36.apkf,ch_spiderman000,0XAC92103D,0x000002E0,0x00000128,ch_spidermanblue,0X3EF08B55,0x00000030,0x00000741,ch_spiderman_webbing_spx,0X038C2764,SAME_ARCHIVE
MARYJANE_SCARERIDE.PCPACK,_O0082.0x4F920A48.T36.apkf,ch_spiderman000,0XAC92103D,0x000002E0,0x00000128,ch_spidermanblue,0X3EF08B55,0x00000030,0x00000C2B,ch_spiderman_webbing_spx,0X038C2764,SAME_ARCHIVE
CH_SPIDERMAN.PCPACK,_O0069.0xCFB154CD.T36.apkf,ch_spiderman000,0XAC92103D,0x000002E0,0x00000128,ch_spidermanblue,0X3EF08B55,0x00000080,0x000008B7,ch_spiderman_tex1_nor,0X7D3A1FBC,SAME_ARCHIVE
MARYJANE_SCARERIDE.PCPACK,_O0082.0x4F920A48.T36.apkf,ch_spiderman000,0XAC92103D,0x000002E0,0x00000128,ch_spidermanblue,0X3EF08B55,0x00000080,0x00000EF5,ch_spiderman_tex1_nor,0X7D3A1FBC,SAME_ARCHIVE
CH_SPIDERMAN.PCPACK,_O0069.0xCFB154CD.T36.apkf,ch_spiderman000,0XAC92103D,0x000003D0,0x000002BC,ch_spidermanbackspider,0X654DD425,0x00000024,0x00000A3E,ch_spiderman_webbingred_dif,0X92AAC237,SAME_ARCHIVE
MARYJANE_SCARERIDE.PCPACK,_O0082.0x4F920A48.T36.apkf,ch_spiderman000,0XAC92103D,0x000003D0,0x000003F4,ch_spidermanbackspider,0X654DD425,0x00000024,0x00001038,ch_spiderman_webbingred_dif,0X92AAC237,SAME_ARCHIVE
CH_SPIDERMAN.PCPACK,_O0069.0xCFB154CD.T36.apkf,ch_spiderman000,0XAC92103D,0x000003D0,0x000002BC,ch_spidermanbackspider,0X654DD425,0x0000002C,0x00000730,ch_spiderman_webbing_spe,0X038C2751,SAME_ARCHIVE
MARYJANE_SCARERIDE.PCPACK,_O0082.0x4F920A48.T36.apkf,ch_spiderman000,0XAC92103D,0x000003D0,0x000003F4,ch_spidermanbackspider,0X654DD425,0x0000002C,0x00000C1A,ch_spiderman_webbing_spe,0X038C2751,SAME_ARCHIVE
CH_SPIDERMAN.PCPACK,_O0069.0xCFB154CD.T36.apkf,ch_spiderman000,0XAC92103D,0x000003D0,0x000002BC,ch_spidermanbackspider,0X654DD425,0x00000030,0x00000741,ch_spiderman_webbing_spx,0X038C2764,SAME_ARCHIVE
MARYJANE_SCARERIDE.PCPACK,_O0082.0x4F920A48.T36.apkf,ch_spiderman000,0XAC92103D,0x000003D0,0x000003F4,ch_spidermanbackspider,0X654DD425,0x00000030,0x00000C2B,ch_spiderman_webbing_spx,0X038C2764,SAME_ARCHIVE
CH_SPIDERMAN.PCPACK,_O0069.0xCFB154CD.T36.apkf,ch_spiderman000,0XAC92103D,0x000003D0,0x000002BC,ch_spidermanbackspider,0X654DD425,0x00000080,0x000008B7,ch_spiderman_tex1_nor,0X7D3A1FBC,SAME_ARCHIVE
MARYJANE_SCARERIDE.PCPACK,_O0082.0x4F920A48.T36.apkf,ch_spiderman000,0XAC92103D,0x000003D0,0x000003F4,ch_spidermanbackspider,0X654DD425,0x00000080,0x00000EF5,ch_spiderman_tex1_nor,0X7D3A1FBC,SAME_ARCHIVE
CH_SPIDERMAN.PCPACK,_O0069.0xCFB154CD.T36.apkf,ch_spiderman000,0XAC92103D,0x000004A0,0x00000614,ch_spidermanspider,0XE52A3DF4,0x00000024,0x000009C7,ch_spiderman_spider,0X8E661B33,SAME_ARCHIVE
MARYJANE_SCARERIDE.PCPACK,_O0082.0x4F920A48.T36.apkf,ch_spiderman000,0XAC92103D,0x000004A0,0x00000AF0,ch_spidermanspider,0XE52A3DF4,0x00000024,0x00001005,ch_spiderman_spider,0X8E661B33,SAME_ARCHIVE
CH_SPIDERMAN.PCPACK,_O0069.0xCFB154CD.T36.apkf,ch_spiderman000,0XAC92103D,0x000004A0,0x00000614,ch_spidermanspider,0XE52A3DF4,0x00000080,0x00000873,_normswizzle,0X61DCA273,SAME_ARCHIVE
MARYJANE_SCARERIDE.PCPACK,_O0082.0x4F920A48.T36.apkf,ch_spiderman000,0XAC92103D,0x000004A0,0x00000AF0,ch_spidermanspider,0XE52A3DF4,0x00000080,0x00000E07,_normswizzle,0X61DCA273,SAME_ARCHIVE
CH_SPIDERMAN.PCPACK,_O0069.0xCFB154CD.T36.apkf,ch_spiderman000,0XAC92103D,0x000004A0,0x00000614,ch_spidermanspider,0XE52A3DF4,0x00000084,0x000007EB,ch_spiderman_env,0X3EEEC795,SAME_ARCHIVE
CH_SPIDERMAN.PCPACK,_O0069.0xCFB154CD.T36.apkf,ch_spiderman000,0XAC92103D,0x00000560,0x0000037C,ch_spidermansideweb,0X79C43D30,0x00000024,0x00000752,_grey,0X06F18556,SAME_ARCHIVE
CH_SPIDERMAN.PCPACK,_O0069.0xCFB154CD.T36.apkf,ch_spiderman000,0XAC92103D,0x00000560,0x0000037C,ch_spidermansideweb,0X79C43D30,0x0000002C,0x00000752,_grey,0X06F18556,SAME_ARCHIVE
CH_SPIDERMAN.PCPACK,_O0069.0xCFB154CD.T36.apkf,ch_spiderman000,0XAC92103D,0x00000560,0x0000037C,ch_spidermansideweb,0X79C43D30,0x00000034,0x00000752,_grey,0X06F18556,SAME_ARCHIVE
CH_SPIDERMAN.PCPACK,_O0069.0xCFB154CD.T36.apkf,ch_spiderman000,0XAC92103D,0x00000560,0x0000037C,ch_spidermansideweb,0X79C43D30,0x00000080,0x00000873,_normswizzle,0X61DCA273,SAME_ARCHIVE
MARYJANE_SCARERIDE.PCPACK,_O0082.0x4F920A48.T36.apkf,ch_spiderman000,0XAC92103D,0x00000560,0x000004C0,ch_spidermansideweb,0X79C43D30,0x00000080,0x00000E07,_normswizzle,0X61DCA273,SAME_ARCHIVE
CH_SPIDERMAN.PCPACK,_O0069.0xCFB154CD.T36.apkf,ch_spiderman000,0XAC92103D,0x00000560,0x0000037C,ch_spidermansideweb,0X79C43D30,0x00000084,0x000007EB,ch_spiderman_env,0X3EEEC795,SAME_ARCHIVE
CH_SPIDERMAN.PCPACK,_O0069.0xCFB154CD.T36.apkf,ch_spiderman000,0XAC92103D,0x00000670,0x0000037C,ch_spidermansideweb,0X79C43D30,0x00000024,0x00000752,_grey,0X06F18556,SAME_ARCHIVE
CH_SPIDERMAN.PCPACK,_O0069.0xCFB154CD.T36.apkf,ch_spiderman000,0XAC92103D,0x00000670,0x0000037C,ch_spidermansideweb,0X79C43D30,0x0000002C,0x00000752,_grey,0X06F18556,SAME_ARCHIVE
CH_SPIDERMAN.PCPACK,_O0069.0xCFB154CD.T36.apkf,ch_spiderman000,0XAC92103D,0x00000670,0x0000037C,ch_spidermansideweb,0X79C43D30,0x00000034,0x00000752,_grey,0X06F18556,SAME_ARCHIVE
CH_SPIDERMAN.PCPACK,_O0069.0xCFB154CD.T36.apkf,ch_spiderman000,0XAC92103D,0x00000670,0x0000037C,ch_spidermansideweb,0X79C43D30,0x00000080,0x00000873,_normswizzle,0X61DCA273,SAME_ARCHIVE
MARYJANE_SCARERIDE.PCPACK,_O0082.0x4F920A48.T36.apkf,ch_spiderman000,0XAC92103D,0x00000670,0x000004C0,ch_spidermansideweb,0X79C43D30,0x00000080,0x00000E07,_normswizzle,0X61DCA273,SAME_ARCHIVE
CH_SPIDERMAN.PCPACK,_O0069.0xCFB154CD.T36.apkf,ch_spiderman000,0XAC92103D,0x00000670,0x0000037C,ch_spidermansideweb,0X79C43D30,0x00000084,0x000007EB,ch_spiderman_env,0X3EEEC795,SAME_ARCHIVE
CH_SPIDERMAN.PCPACK,_O0069.0xCFB154CD.T36.apkf,ch_spiderman000,0XAC92103D,0x00000760,0x00000640,ch_spidermantopweb,0XE771757E,0x00000024,0x00000752,_grey,0X06F18556,SAME_ARCHIVE
CH_SPIDERMAN.PCPACK,_O0069.0xCFB154CD.T36.apkf,ch_spiderman000,0XAC92103D,0x00000760,0x00000640,ch_spidermantopweb,0XE771757E,0x0000002C,0x00000752,_grey,0X06F18556,SAME_ARCHIVE
CH_SPIDERMAN.PCPACK,_O0069.0xCFB154CD.T36.apkf,ch_spiderman000,0XAC92103D,0x00000760,0x00000640,ch_spidermantopweb,0XE771757E,0x00000034,0x00000752,_grey,0X06F18556,SAME_ARCHIVE
CH_SPIDERMAN.PCPACK,_O0069.0xCFB154CD.T36.apkf,ch_spiderman000,0XAC92103D,0x00000760,0x00000640,ch_spidermantopweb,0XE771757E,0x00000080,0x00000873,_normswizzle,0X61DCA273,SAME_ARCHIVE
MARYJANE_SCARERIDE.PCPACK,_O0082.0x4F920A48.T36.apkf,ch_spiderman000,0XAC92103D,0x00000760,0x00000B1C,ch_spidermantopweb,0XE771757E,0x00000080,0x00000E07,_normswizzle,0X61DCA273,SAME_ARCHIVE
CH_SPIDERMAN.PCPACK,_O0069.0xCFB154CD.T36.apkf,ch_spiderman000,0XAC92103D,0x00000870,0x00000640,ch_spidermantopweb,0XE771757E,0x00000024,0x00000752,_grey,0X06F18556,SAME_ARCHIVE
CH_SPIDERMAN.PCPACK,_O0069.0xCFB154CD.T36.apkf,ch_spiderman000,0XAC92103D,0x00000870,0x00000640,ch_spidermantopweb,0XE771757E,0x0000002C,0x00000752,_grey,0X06F18556,SAME_ARCHIVE
CH_SPIDERMAN.PCPACK,_O0069.0xCFB154CD.T36.apkf,ch_spiderman000,0XAC92103D,0x00000870,0x00000640,ch_spidermantopweb,0XE771757E,0x00000034,0x00000752,_grey,0X06F18556,SAME_ARCHIVE
CH_SPIDERMAN.PCPACK,_O0069.0xCFB154CD.T36.apkf,ch_spiderman000,0XAC92103D,0x00000870,0x00000640,ch_spidermantopweb,0XE771757E,0x00000080,0x00000873,_normswizzle,0X61DCA273,SAME_ARCHIVE
MARYJANE_SCARERIDE.PCPACK,_O0082.0x4F920A48.T36.apkf,ch_spiderman000,0XAC92103D,0x00000870,0x00000B1C,ch_spidermantopweb,0XE771757E,0x00000080,0x00000E07,_normswizzle,0X61DCA273,SAME_ARCHIVE
CH_SPIDERMAN.PCPACK,_O0069.0xCFB154CD.T36.apkf,ch_spiderman000,0XAC92103D,0x00000970,0x000000A0,ch_spidermanwhite,0X1E7B964E,0x00000024,0x000008D9,ch_spiderman_tex3_dif,0X7D5E2562,SAME_ARCHIVE
MARYJANE_SCARERIDE.PCPACK,_O0082.0x4F920A48.T36.apkf,ch_spiderman000,0XAC92103D,0x00000970,0x000000CC,ch_spidermanwhite,0X1E7B964E,0x00000024,0x00000F17,ch_spiderman_tex3_dif,0X7D5E2562,SAME_ARCHIVE
CH_SPIDERMAN.PCPACK,_O0069.0xCFB154CD.T36.apkf,ch_spiderman000,0XAC92103D,0x00000970,0x000000A0,ch_spidermanwhite,0X1E7B964E,0x0000002C,0x0000090C,ch_spiderman_tex3_spe,0X7D5E6617,SAME_ARCHIVE
MARYJANE_SCARERIDE.PCPACK,_O0082.0x4F920A48.T36.apkf,ch_spiderman000,0XAC92103D,0x00000970,0x000000CC,ch_spidermanwhite,0X1E7B964E,0x0000002C,0x00000F4A,ch_spiderman_tex3_spe,0X7D5E6617,SAME_ARCHIVE
CH_SPIDERMAN.PCPACK,_O0069.0xCFB154CD.T36.apkf,ch_spiderman000,0XAC92103D,0x00000970,0x000000A0,ch_spidermanwhite,0X1E7B964E,0x00000034,0x000008FB,ch_spiderman_tex3_rfl,0X7D5E6093,SAME_ARCHIVE
MARYJANE_SCARERIDE.PCPACK,_O0082.0x4F920A48.T36.apkf,ch_spiderman000,0XAC92103D,0x00000970,0x000000CC,ch_spidermanwhite,0X1E7B964E,0x00000034,0x00000F39,ch_spiderman_tex3_rfl,0X7D5E6093,SAME_ARCHIVE
CH_SPIDERMAN.PCPACK,_O0069.0xCFB154CD.T36.apkf,ch_spiderman000,0XAC92103D,0x00000970,0x000000A0,ch_spidermanwhite,0X1E7B964E,0x0000003C,0x000009E9,ch_spiderman_tex3_ao,0X8F6F751F,SAME_ARCHIVE
MARYJANE_SCARERIDE.PCPACK,_O0082.0x4F920A48.T36.apkf,ch_spiderman000,0XAC92103D,0x00000970,0x000000CC,ch_spidermanwhite,0X1E7B964E,0x0000003C,0x00001027,ch_spiderman_tex3_ao,0X8F6F751F,SAME_ARCHIVE
CH_SPIDERMAN.PCPACK,_O0069.0xCFB154CD.T36.apkf,ch_spiderman000,0XAC92103D,0x00000970,0x000000A0,ch_spidermanwhite,0X1E7B964E,0x00000080,0x000008EA,ch_spiderman_tex3_nor,0X7D5E50BE,SAME_ARCHIVE
MARYJANE_SCARERIDE.PCPACK,_O0082.0x4F920A48.T36.apkf,ch_spiderman000,0XAC92103D,0x00000970,0x000000CC,ch_spidermanwhite,0X1E7B964E,0x00000080,0x00000F28,ch_spiderman_tex3_nor,0X7D5E50BE,SAME_ARCHIVE
CH_SPIDERMAN.PCPACK,_O0069.0xCFB154CD.T36.apkf,ch_spiderman000,0XAC92103D,0x00000970,0x000000A0,ch_spidermanwhite,0X1E7B964E,0x00000084,0x000007EB,ch_spiderman_env,0X3EEEC795,SAME_ARCHIVE
CH_SPIDERMAN.PCPACK,_O0069.0xCFB154CD.T36.apkf,ch_spiderman001,0XAC92103E,0x000000A0,0x000003CC,ch_spidermanwhite_ps3,0X841010C3,0x00000034,0x00000B81,ch_spideyps3_tex3_ao,0XE63D4BA0,SAME_ARCHIVE
MARYJANE_SCARERIDE.PCPACK,_O0082.0x4F920A48.T36.apkf,ch_spiderman001,0XAC92103E,0x000000A0,0x000004F8,ch_spidermanwhite_ps3,0X841010C3,0x00000034,0x00001236,ch_spideyps3_tex3_ao,0XE63D4BA0,SAME_ARCHIVE
CH_SPIDERMAN.PCPACK,_O0069.0xCFB154CD.T36.apkf,ch_spiderman001,0XAC92103E,0x000000A0,0x000003CC,ch_spidermanwhite_ps3,0X841010C3,0x00000038,0x00000AB5,ch_spideyps3_tex3_nor,0XADE6F75F,SAME_ARCHIVE
MARYJANE_SCARERIDE.PCPACK,_O0082.0x4F920A48.T36.apkf,ch_spiderman001,0XAC92103E,0x000000A0,0x000004F8,ch_spidermanwhite_ps3,0X841010C3,0x00000038,0x00001126,ch_spideyps3_tex3_nor,0XADE6F75F,SAME_ARCHIVE
CH_SPIDERMAN.PCPACK,_O0069.0xCFB154CD.T36.apkf,ch_spiderman001,0XAC92103E,0x00000150,0x000000CC,ch_spidermanred_ps3,0X2371F77D,0x0000001C,0x00000A82,ch_spideyps3_webbingredalpha_dif,0XAABCF85E,SAME_ARCHIVE
MARYJANE_SCARERIDE.PCPACK,_O0082.0x4F920A48.T36.apkf,ch_spiderman001,0XAC92103E,0x00000150,0x000000F8,ch_spidermanred_ps3,0X2371F77D,0x0000001C,0x000010F3,ch_spideyps3_webbingredalpha_dif,0XAABCF85E,SAME_ARCHIVE
CH_SPIDERMAN.PCPACK,_O0069.0xCFB154CD.T36.apkf,ch_spiderman001,0XAC92103E,0x00000150,0x000000CC,ch_spidermanred_ps3,0X2371F77D,0x00000020,0x00000A60,ch_normal,0XA06B2F53,SAME_ARCHIVE
MARYJANE_SCARERIDE.PCPACK,_O0082.0x4F920A48.T36.apkf,ch_spiderman001,0XAC92103E,0x00000150,0x000000F8,ch_spidermanred_ps3,0X2371F77D,0x00000020,0x0000109E,ch_normal,0XA06B2F53,SAME_ARCHIVE
CH_SPIDERMAN.PCPACK,_O0069.0xCFB154CD.T36.apkf,ch_spiderman001,0XAC92103E,0x00000150,0x000000CC,ch_spidermanred_ps3,0X2371F77D,0x00000024,0x00000895,ch_spideyps3_webbingalpha,0X70FE7BB1,SAME_ARCHIVE
MARYJANE_SCARERIDE.PCPACK,_O0082.0x4F920A48.T36.apkf,ch_spiderman001,0XAC92103E,0x00000150,0x000000F8,ch_spidermanred_ps3,0X2371F77D,0x00000024,0x00000E8F,ch_spideyps3_webbingalpha,0X70FE7BB1,SAME_ARCHIVE
CH_SPIDERMAN.PCPACK,_O0069.0xCFB154CD.T36.apkf,ch_spiderman001,0XAC92103E,0x00000150,0x000000CC,ch_spidermanred_ps3,0X2371F77D,0x00000028,0x00000AA4,ch_spideyps3_tex2_nor,0XADD4DEDE,SAME_ARCHIVE
MARYJANE_SCARERIDE.PCPACK,_O0082.0x4F920A48.T36.apkf,ch_spiderman001,0XAC92103E,0x00000150,0x000000F8,ch_spidermanred_ps3,0X2371F77D,0x00000028,0x00001115,ch_spideyps3_tex2_nor,0XADD4DEDE,SAME_ARCHIVE
CH_SPIDERMAN.PCPACK,_O0069.0xCFB154CD.T36.apkf,ch_spiderman001,0XAC92103E,0x00000270,0x000000CC,ch_spidermanred_ps3,0X2371F77D,0x0000001C,0x00000A82,ch_spideyps3_webbingredalpha_dif,0XAABCF85E,SAME_ARCHIVE
MARYJANE_SCARERIDE.PCPACK,_O0082.0x4F920A48.T36.apkf,ch_spiderman001,0XAC92103E,0x00000270,0x000000F8,ch_spidermanred_ps3,0X2371F77D,0x0000001C,0x000010F3,ch_spideyps3_webbingredalpha_dif,0XAABCF85E,SAME_ARCHIVE
CH_SPIDERMAN.PCPACK,_O0069.0xCFB154CD.T36.apkf,ch_spiderman001,0XAC92103E,0x00000270,0x000000CC,ch_spidermanred_ps3,0X2371F77D,0x00000020,0x00000A60,ch_normal,0XA06B2F53,SAME_ARCHIVE
MARYJANE_SCARERIDE.PCPACK,_O0082.0x4F920A48.T36.apkf,ch_spiderman001,0XAC92103E,0x00000270,0x000000F8,ch_spidermanred_ps3,0X2371F77D,0x00000020,0x0000109E,ch_normal,0XA06B2F53,SAME_ARCHIVE
CH_SPIDERMAN.PCPACK,_O0069.0xCFB154CD.T36.apkf,ch_spiderman001,0XAC92103E,0x00000270,0x000000CC,ch_spidermanred_ps3,0X2371F77D,0x00000024,0x00000895,ch_spideyps3_webbingalpha,0X70FE7BB1,SAME_ARCHIVE
MARYJANE_SCARERIDE.PCPACK,_O0082.0x4F920A48.T36.apkf,ch_spiderman001,0XAC92103E,0x00000270,0x000000F8,ch_spidermanred_ps3,0X2371F77D,0x00000024,0x00000E8F,ch_spideyps3_webbingalpha,0X70FE7BB1,SAME_ARCHIVE
CH_SPIDERMAN.PCPACK,_O0069.0xCFB154CD.T36.apkf,ch_spiderman001,0XAC92103E,0x00000270,0x000000CC,ch_spidermanred_ps3,0X2371F77D,0x00000028,0x00000AA4,ch_spideyps3_tex2_nor,0XADD4DEDE,SAME_ARCHIVE
MARYJANE_SCARERIDE.PCPACK,_O0082.0x4F920A48.T36.apkf,ch_spiderman001,0XAC92103E,0x00000270,0x000000F8,ch_spidermanred_ps3,0X2371F77D,0x00000028,0x00001115,ch_spideyps3_tex2_nor,0XADD4DEDE,SAME_ARCHIVE
CH_SPIDERMAN.PCPACK,_O0069.0xCFB154CD.T36.apkf,ch_spiderman001,0XAC92103E,0x00000380,0x00000560,ch_spidermanspider_ps3,0XCB761B69,0x00000024,0x000009C7,ch_spiderman_spider,0X8E661B33,SAME_ARCHIVE
MARYJANE_SCARERIDE.PCPACK,_O0082.0x4F920A48.T36.apkf,ch_spiderman001,0XAC92103E,0x00000380,0x00000A00,ch_spidermanspider_ps3,0XCB761B69,0x00000024,0x00001005,ch_spiderman_spider,0X8E661B33,SAME_ARCHIVE
CH_SPIDERMAN.PCPACK,_O0069.0xCFB154CD.T36.apkf,ch_spiderman001,0XAC92103E,0x00000380,0x00000560,ch_spidermanspider_ps3,0XCB761B69,0x00000080,0x00000873,_normswizzle,0X61DCA273,SAME_ARCHIVE
MARYJANE_SCARERIDE.PCPACK,_O0082.0x4F920A48.T36.apkf,ch_spiderman001,0XAC92103E,0x00000380,0x00000A00,ch_spidermanspider_ps3,0XCB761B69,0x00000080,0x00000E07,_normswizzle,0X61DCA273,SAME_ARCHIVE
CH_SPIDERMAN.PCPACK,_O0069.0xCFB154CD.T36.apkf,ch_spiderman001,0XAC92103E,0x00000380,0x00000560,ch_spidermanspider_ps3,0XCB761B69,0x00000084,0x000007EB,ch_spiderman_env,0X3EEEC795,SAME_ARCHIVE
CH_SPIDERMAN.PCPACK,_O0069.0xCFB154CD.T36.apkf,ch_spiderman001,0XAC92103E,0x00000440,0x00000028,ch_spidermanblue_ps3,0X1076314A,0x00000024,0x00000884,ch_spiderman_webbingblue_dif,0X66CED7A4,SAME_ARCHIVE
MARYJANE_SCARERIDE.PCPACK,_O0082.0x4F920A48.T36.apkf,ch_spiderman001,0XAC92103E,0x00000440,0x00000054,ch_spidermanblue_ps3,0X1076314A,0x00000024,0x00000E18,ch_spiderman_webbingblue_dif,0X66CED7A4,SAME_ARCHIVE
CH_SPIDERMAN.PCPACK,_O0069.0xCFB154CD.T36.apkf,ch_spiderman001,0XAC92103E,0x00000440,0x00000028,ch_spidermanblue_ps3,0X1076314A,0x0000002C,0x00000730,ch_spiderman_webbing_spe,0X038C2751,SAME_ARCHIVE
MARYJANE_SCARERIDE.PCPACK,_O0082.0x4F920A48.T36.apkf,ch_spiderman001,0XAC92103E,0x00000440,0x00000054,ch_spidermanblue_ps3,0X1076314A,0x0000002C,0x00000C1A,ch_spiderman_webbing_spe,0X038C2751,SAME_ARCHIVE
CH_SPIDERMAN.PCPACK,_O0069.0xCFB154CD.T36.apkf,ch_spiderman001,0XAC92103E,0x00000440,0x00000028,ch_spidermanblue_ps3,0X1076314A,0x00000030,0x00000741,ch_spiderman_webbing_spx,0X038C2764,SAME_ARCHIVE
MARYJANE_SCARERIDE.PCPACK,_O0082.0x4F920A48.T36.apkf,ch_spiderman001,0XAC92103E,0x00000440,0x00000054,ch_spidermanblue_ps3,0X1076314A,0x00000030,0x00000C2B,ch_spiderman_webbing_spx,0X038C2764,SAME_ARCHIVE
CH_SPIDERMAN.PCPACK,_O0069.0xCFB154CD.T36.apkf,ch_spiderman001,0XAC92103E,0x00000440,0x00000028,ch_spidermanblue_ps3,0X1076314A,0x0000003C,0x000009B6,ch_white,0X895C4E8B,SAME_ARCHIVE
CH_SPIDERMAN.PCPACK,_O0069.0xCFB154CD.T36.apkf,ch_spiderman001,0XAC92103E,0x00000440,0x00000028,ch_spidermanblue_ps3,0X1076314A,0x00000080,0x000008B7,ch_spiderman_tex1_nor,0X7D3A1FBC,SAME_ARCHIVE
MARYJANE_SCARERIDE.PCPACK,_O0082.0x4F920A48.T36.apkf,ch_spiderman001,0XAC92103E,0x00000440,0x00000054,ch_spidermanblue_ps3,0X1076314A,0x00000080,0x00000EF5,ch_spiderman_tex1_nor,0X7D3A1FBC,SAME_ARCHIVE
CH_SPIDERMAN.PCPACK,_O0069.0xCFB154CD.T36.apkf,ch_spiderman001,0XAC92103E,0x00000530,0x000004B8,ch_spidermanback_spider_ps3,0XA3EA9CF9,0x00000024,0x00000B0A,ch_spideyps3_webbingred_dif,0XB5F81D98,SAME_ARCHIVE
MARYJANE_SCARERIDE.PCPACK,_O0082.0x4F920A48.T36.apkf,ch_spiderman001,0XAC92103E,0x00000530,0x000007D8,ch_spidermanback_spider_ps3,0XA3EA9CF9,0x00000024,0x0000118C,ch_spideyps3_webbingred_dif,0XB5F81D98,SAME_ARCHIVE
CH_SPIDERMAN.PCPACK,_O0069.0xCFB154CD.T36.apkf,ch_spiderman001,0XAC92103E,0x00000530,0x000004B8,ch_spidermanback_spider_ps3,0XA3EA9CF9,0x0000002C,0x00000796,ch_spideyps3_webbing_spe,0X22735652,SAME_ARCHIVE
MARYJANE_SCARERIDE.PCPACK,_O0082.0x4F920A48.T36.apkf,ch_spiderman001,0XAC92103E,0x00000530,0x000007D8,ch_spidermanback_spider_ps3,0XA3EA9CF9,0x0000002C,0x00000CA2,ch_spideyps3_webbing_spe,0X22735652,SAME_ARCHIVE
CH_SPIDERMAN.PCPACK,_O0069.0xCFB154CD.T36.apkf,ch_spiderman001,0XAC92103E,0x00000530,0x000004B8,ch_spidermanback_spider_ps3,0XA3EA9CF9,0x00000030,0x000007A7,ch_spideyps3_webbing_spx,0X22735665,SAME_ARCHIVE
MARYJANE_SCARERIDE.PCPACK,_O0082.0x4F920A48.T36.apkf,ch_spiderman001,0XAC92103E,0x00000530,0x000007D8,ch_spidermanback_spider_ps3,0XA3EA9CF9,0x00000030,0x00000CB3,ch_spideyps3_webbing_spx,0X22735665,SAME_ARCHIVE
CH_SPIDERMAN.PCPACK,_O0069.0xCFB154CD.T36.apkf,ch_spiderman001,0XAC92103E,0x00000530,0x000004B8,ch_spidermanback_spider_ps3,0XA3EA9CF9,0x0000003C,0x000009B6,ch_white,0X895C4E8B,SAME_ARCHIVE
CH_SPIDERMAN.PCPACK,_O0069.0xCFB154CD.T36.apkf,ch_spiderman001,0XAC92103E,0x00000530,0x000004B8,ch_spidermanback_spider_ps3,0XA3EA9CF9,0x00000080,0x00000A93,ch_spideyps3_tex1_nor,0XADC2C65D,SAME_ARCHIVE
MARYJANE_SCARERIDE.PCPACK,_O0082.0x4F920A48.T36.apkf,ch_spiderman001,0XAC92103E,0x00000530,0x000007D8,ch_spidermanback_spider_ps3,0XA3EA9CF9,0x00000080,0x00001104,ch_spideyps3_tex1_nor,0XADC2C65D,SAME_ARCHIVE
